1,4.46404743
2,9.1250248
3,2.62301683
4,2.03457475
5,5.35552788
6,0.974883437
7,3.79590464
8,1.46300852
9,0.712351203
10,7.55918407
11,8.01574516
12,0.720326304
13,5.07493925
14,4.57948923
15,8.14452267
16,4.37983036
17,4.1268301
18,2.92413116
19,2.65791178
20,8.84232235
21,6.58825207
22,0.575567484
23,4.44274426
24,5.07340431
25,8.05037403
26,1.42200291
27,6.01155758
28,6.33423519
29,7.85141563
30,9.24121761
31,6.8614893
32,5.80102444
33,1.57706201
34,8.84907436
35,6.26885176
36,9.48532486
37,2.05281067
38,9.89626026
39,9.00169277
40,5.99978161
41,2.1743412
42,9.67348862
43,0.0668984652
44,6.81590509
45,4.31667423
46,8.62725353
47,5.63377619
48,9.82806969
49,0.767064095
50,9.36606598
51,2.89246035
52,1.12561166
53,3.99604034
54,4.47586298
55,9.85880566
56,5.04445267
57,1.04349196
58,4.61096478
59,5.58388901
60,5.02464724
61,9.64603996
62,9.14063263
63,8.90431786
64,9.65625191
65,4.93025351
66,8.40573978
67,6.31785488
68,1.92988336
69,6.16952515
70,7.72574902
71,4.19848061
72,2.85875034
73,2.81018734
74,6.58911514
75,5.90363789
76,6.49388123
77,1.84964955
78,5.91551399
79,4.41186142
80,8.24172783
81,8.25127411
82,4.65744686
83,0.0236552954
84,1.28208399
85,4.83197117
86,3.54318023
87,3.73765707
88,7.973351
89,1.97360158
90,6.73666859
91,9.46831894
92,1.36014402
93,6.82851696
94,1.6890192
95,3.89822245
96,8.75384521
97,7.66579103
98,1.25725806
99,2.81200218
100,9.84902954
101,6.46114349
102,3.51669359
103,1.34120822
104,3.09021664
105,5.89385414
106,4.30876637
107,1.69139564
108,7.3348875
109,7.88153696
110,1.85247302
111,7.72729588
112,1.46515489
113,1.3107127
114,8.18533516
115,6.28232527
116,0.0704199076
117,8.76453304
118,0.466607213
119,3.98180842
120,6.24963236
121,0.508108735
122,3.94787979
123,3.00199032
124,3.96774292
125,0.372897387
126,6.16014671
127,2.77699828
128,5.94699955
129,7.51092625
130,1.62706852
131,6.75980377
132,2.47402143
133,8.55006409
134,3.31280184
135,6.6872735
136,0.916470885
137,1.40684426
138,6.97356319
139,4.72973728
140,9.27251625
141,5.1619606
142,9.87493324
143,2.1442337
144,6.89009714
145,5.77579117
146,4.55055189
